<?xml version="1.0" encoding="UTF-8"?>
<root>
  <item name="com.google.android.exoplayer2.render.AspectRatio.ResizeMode">
    <annotation name="androidx.annotation.IntDef">
      <val name="value" val="{com.google.android.exoplayer2.render.AspectRatio.AspectRatio_16_9, com.google.android.exoplayer2.render.AspectRatio.AspectRatio_4_3, com.google.android.exoplayer2.render.AspectRatio.AspectRatio_MATCH_PARENT, com.google.android.exoplayer2.render.AspectRatio.AspectRatio_FILL_PARENT, com.google.android.exoplayer2.render.AspectRatio.AspectRatio_FIT_PARENT, com.google.android.exoplayer2.render.AspectRatio.AspectRatio_ORIGIN}" />
    </annotation>
  </item>
  <item name="com.google.android.exoplayer2.render.IRender void updateAspectRatio(int) 0">
    <annotation name="androidx.annotation.IntDef">
      <val name="value" val="{com.google.android.exoplayer2.render.AspectRatio.AspectRatio_16_9, com.google.android.exoplayer2.render.AspectRatio.AspectRatio_4_3, com.google.android.exoplayer2.render.AspectRatio.AspectRatio_MATCH_PARENT, com.google.android.exoplayer2.render.AspectRatio.AspectRatio_FILL_PARENT, com.google.android.exoplayer2.render.AspectRatio.AspectRatio_FIT_PARENT, com.google.android.exoplayer2.render.AspectRatio.AspectRatio_ORIGIN}" />
    </annotation>
  </item>
  <item name="com.google.android.exoplayer2.render.RenderMeasure void setAspectRatio(int) 0">
    <annotation name="androidx.annotation.IntDef">
      <val name="value" val="{com.google.android.exoplayer2.render.AspectRatio.AspectRatio_16_9, com.google.android.exoplayer2.render.AspectRatio.AspectRatio_4_3, com.google.android.exoplayer2.render.AspectRatio.AspectRatio_MATCH_PARENT, com.google.android.exoplayer2.render.AspectRatio.AspectRatio_FILL_PARENT, com.google.android.exoplayer2.render.AspectRatio.AspectRatio_FIT_PARENT, com.google.android.exoplayer2.render.AspectRatio.AspectRatio_ORIGIN}" />
    </annotation>
  </item>
  <item name="com.google.android.exoplayer2.render.RenderSurfaceView void updateAspectRatio(int) 0">
    <annotation name="androidx.annotation.IntDef">
      <val name="value" val="{com.google.android.exoplayer2.render.AspectRatio.AspectRatio_16_9, com.google.android.exoplayer2.render.AspectRatio.AspectRatio_4_3, com.google.android.exoplayer2.render.AspectRatio.AspectRatio_MATCH_PARENT, com.google.android.exoplayer2.render.AspectRatio.AspectRatio_FILL_PARENT, com.google.android.exoplayer2.render.AspectRatio.AspectRatio_FIT_PARENT, com.google.android.exoplayer2.render.AspectRatio.AspectRatio_ORIGIN}" />
    </annotation>
  </item>
  <item name="com.google.android.exoplayer2.render.RenderTextureView void updateAspectRatio(int) 0">
    <annotation name="androidx.annotation.IntDef">
      <val name="value" val="{com.google.android.exoplayer2.render.AspectRatio.AspectRatio_16_9, com.google.android.exoplayer2.render.AspectRatio.AspectRatio_4_3, com.google.android.exoplayer2.render.AspectRatio.AspectRatio_MATCH_PARENT, com.google.android.exoplayer2.render.AspectRatio.AspectRatio_FILL_PARENT, com.google.android.exoplayer2.render.AspectRatio.AspectRatio_FIT_PARENT, com.google.android.exoplayer2.render.AspectRatio.AspectRatio_ORIGIN}" />
    </annotation>
  </item>
</root>

