<?xml version="1.0" encoding="UTF-8"?>
<root>
  <item name="com.rlcc.videolibrary.video.VideoPlayerManager.Builder Builder(android.app.Activity, int, int) 1">
    <annotation name="androidx.annotation.IntDef">
      <val name="value" val="{com.rlcc.videolibrary.video.VideoPlayerManager.TYPE_PLAY_USER, com.rlcc.videolibrary.video.VideoPlayerManager.TYPE_PLAY_GESTURE}" />
    </annotation>
  </item>
  <item name="com.rlcc.videolibrary.video.VideoPlayerManager.Builder Builder(int, com.rlcc.videolibrary.widget.VideoPlayerView) 0">
    <annotation name="androidx.annotation.IntDef">
      <val name="value" val="{com.rlcc.videolibrary.video.VideoPlayerManager.TYPE_PLAY_USER, com.rlcc.videolibrary.video.VideoPlayerManager.TYPE_PLAY_GESTURE}" />
    </annotation>
  </item>
</root>

