<?xml version="1.0" encoding="UTF-8"?>
<root>
  <item name="com.google.android.exoplayer2.ui.PlayerNotificationManager priority">
    <annotation name="androidx.annotation.IntDef">
      <val name="value" val="{androidx.core.app.NotificationCompat.PRIORITY_DEFAULT, androidx.core.app.NotificationCompat.PRIORITY_MAX, androidx.core.app.NotificationCompat.PRIORITY_HIGH, androidx.core.app.NotificationCompat.PRIORITY_LOW, androidx.core.app.NotificationCompat.PRIORITY_MIN}" />
    </annotation>
  </item>
  <item name="com.google.android.exoplayer2.ui.PlayerNotificationManager void setPriority(int) 0">
    <annotation name="androidx.annotation.IntDef">
      <val name="value" val="{androidx.core.app.NotificationCompat.PRIORITY_DEFAULT, androidx.core.app.NotificationCompat.PRIORITY_MAX, androidx.core.app.NotificationCompat.PRIORITY_HIGH, androidx.core.app.NotificationCompat.PRIORITY_LOW, androidx.core.app.NotificationCompat.PRIORITY_MIN}" />
    </annotation>
  </item>
  <item name="com.google.android.exoplayer2.ui.PlayerNotificationManager void setVisibility(int) 0">
    <annotation name="androidx.annotation.IntDef">
      <val name="value" val="{androidx.core.app.NotificationCompat.VISIBILITY_PRIVATE, androidx.core.app.NotificationCompat.VISIBILITY_PUBLIC, androidx.core.app.NotificationCompat.VISIBILITY_SECRET}" />
    </annotation>
  </item>
  <item name="com.google.android.exoplayer2.ui.PlayerNotificationManager.Priority">
    <annotation name="androidx.annotation.IntDef">
      <val name="value" val="{androidx.core.app.NotificationCompat.PRIORITY_DEFAULT, androidx.core.app.NotificationCompat.PRIORITY_MAX, androidx.core.app.NotificationCompat.PRIORITY_HIGH, androidx.core.app.NotificationCompat.PRIORITY_LOW, androidx.core.app.NotificationCompat.PRIORITY_MIN}" />
    </annotation>
  </item>
  <item name="com.google.android.exoplayer2.ui.PlayerNotificationManager.Visibility">
    <annotation name="androidx.annotation.IntDef">
      <val name="value" val="{androidx.core.app.NotificationCompat.VISIBILITY_PRIVATE, androidx.core.app.NotificationCompat.VISIBILITY_PUBLIC, androidx.core.app.NotificationCompat.VISIBILITY_SECRET}" />
    </annotation>
  </item>
  <item name="com.google.android.exoplayer2.ui.PlayerView int getResizeMode()">
    <annotation name="androidx.annotation.IntDef">
      <val name="value" val="{com.google.android.exoplayer2.render.AspectRatio.AspectRatio_16_9, com.google.android.exoplayer2.render.AspectRatio.AspectRatio_4_3, com.google.android.exoplayer2.render.AspectRatio.AspectRatio_MATCH_PARENT, com.google.android.exoplayer2.render.AspectRatio.AspectRatio_FILL_PARENT, com.google.android.exoplayer2.render.AspectRatio.AspectRatio_FIT_PARENT, com.google.android.exoplayer2.render.AspectRatio.AspectRatio_ORIGIN}" />
    </annotation>
  </item>
  <item name="com.google.android.exoplayer2.ui.PlayerView void setResizeMode(int) 0">
    <annotation name="androidx.annotation.IntDef">
      <val name="value" val="{com.google.android.exoplayer2.render.AspectRatio.AspectRatio_16_9, com.google.android.exoplayer2.render.AspectRatio.AspectRatio_4_3, com.google.android.exoplayer2.render.AspectRatio.AspectRatio_MATCH_PARENT, com.google.android.exoplayer2.render.AspectRatio.AspectRatio_FILL_PARENT, com.google.android.exoplayer2.render.AspectRatio.AspectRatio_FIT_PARENT, com.google.android.exoplayer2.render.AspectRatio.AspectRatio_ORIGIN}" />
    </annotation>
  </item>
</root>

